,MAE train,MAE test,MSE train,MSE test,RMSE train,RMSE test
Decision Tree,0.0,0.8520833333333332,0.0,2.2706874999999997,0.0,1.5068800549479708
Random Forest ,0.2305333333333346,0.5774749999999997,0.17609523972222169,0.8275499916666647,0.4196370333064298,0.9096977474231013
