,MAE train,MAE test,MSE train,MSE test,RMSE train,RMSE test
Decision Tree,0.0,0.8520833333333332,0.0,2.2706874999999997,0.0,1.5068800549479708
Random Forest ,0.24452792805182877,0.6017335883431641,0.1719138983263479,0.7324989026812213,0.4146250092871243,0.855861497370469
