,MAE Moyen,MAE Cadres,MAE Cadres Moyens,MAE Employes,MAE Travailleurs,MAE 18_25 ans,MAE 26-50 ans,MAE + 50 ans,MAPE Moyen,MAPE Cadres,MAPE Cadres Moyens,MAPE Employes,MAPE Travailleurs,MAPE 18_25 ans,MAPE 26-50 ans,MAPE + 50 ans
Decision Tree,0.1789228942083725,0.2586725117674837,0.10320374245386722,0.07530179065773807,0.1378107524713771,0.058976458428916745,0.1454949371878036,0.3023432397820361,0.0134,0.011,0.0072,0.0072,0.0125,0.0062,0.0111,0.0196
Random Forest ,0.3062949862346165,0.40082521503615554,0.2000946809192501,0.12607354892606748,0.16886284507295027,0.11414969924428153,0.30902145068497155,0.4478085010962422,0.023,0.0171,0.0139,0.0121,0.0153,0.012,0.0236,0.0291
