,MAE Moyen,MAE Cadres,MAE Cadres Moyens,MAE Employes,MAE Travailleurs,MAE 18_25 ans,MAE 26-50 ans,MAE + 50 ans,MAPE Moyen,MAPE Cadres,MAPE Cadres Moyens,MAPE Employes,MAPE Travailleurs,MAPE 18_25 ans,MAPE 26-50 ans,MAPE + 50 ans
Decision Tree,0.2130208333333333,0.2586725117674837,0.10320374245386722,0.07530179065773807,0.1378107524713771,0.058976458428916745,0.1454949371878036,0.3023432397820361,1.6,1.1,0.72,0.72,1.25,0.62,1.11,1.96
Random Forest ,0.3338293431246626,0.4079867365592138,0.2072577943652992,0.13116219119023023,0.18529671522556637,0.10097625413964872,0.32270786470241597,0.4744844632054468,2.5,1.74,1.44,1.26,1.68,1.06,2.46,3.08
