,MAE train,MAE test,MSE train,MSE test,RMSE train,RMSE test
Decision Tree,0.0,0.71569157683349,0.0,1.9769718568628887,0.0,1.4060483124213365
Random Forest ,0.22215430559661903,0.5587170281486088,0.14775159215681377,0.7896985147013581,0.38438469292729877,0.888649826816704
